{
  "numerical": {
    "CreditScore": {
      "min": 360.0,
      "max": 848.0,
      "mean": 602.13,
      "median": 600.0
    },
    "Age": {
      "min": 18.0,
      "max": 89.0,
      "mean": 50.44,
      "median": 48.5
    },
    "Tenure": {
      "min": 0.0,
      "max": 9.0,
      "mean": 4.65,
      "median": 5.0
    },
    "Balance": {
      "min": 1513.8873195444046,
      "max": 198998.40359781377,
      "mean": 107636.16434825516,
      "median": 105285.99870514328
    },
    "NumOfProducts": {
      "min": 1.0,
      "max": 4.0,
      "mean": 2.24,
      "median": 2.0
    },
    "EstimatedSalary": {
      "min": 20231.907926596057,
      "max": 149672.63691424497,
      "mean": 77630.49664295535,
      "median": 69482.64419393308
    }
  },
  "categorical": {
    "Geography": {
      "unique_values": [
        "France",
        "Germany",
        "Spain"
      ]
    },
    "Gender": {
      "unique_values": [
        "Female",
        "Male"
      ]
    },
    "HasCrCard": {
      "unique_values": [
        0,
        1
      ]
    },
    "IsActiveMember": {
      "unique_values": [
        0,
        1
      ]
    }
  }
}